{
  "terminal_log_loss": 2.6565259265409003,
  "terminal_rps": 0.1940131866409965,
  "terminal_gbm_log_loss": 4.166565075423306,
  "touch_brier_mean": 0.20233664132306686,
  "touch_ece_mean": 0.0035624624107945947,
  "training_samples": 45949,
  "validation_samples": 17059,
  "universe_symbols": 71,
  "touch_task_metrics": {
    "touch_up_5": {
      "samples": 17059,
      "positive_rate": 0.8128846942962659,
      "brier": 0.150473995302017,
      "ece": 0.0005890900085298965,
      "calibrator": "isotonic"
    },
    "touch_down_5": {
      "samples": 17059,
      "positive_rate": 0.8487601852394631,
      "brier": 0.12753010004539894,
      "ece": 0.0008956101720062907,
      "calibrator": "isotonic"
    },
    "touch_up_10": {
      "samples": 17059,
      "positive_rate": 0.6836860308341638,
      "brier": 0.21417433008089848,
      "ece": 0.005891679457795629,
      "calibrator": "isotonic"
    },
    "touch_down_10": {
      "samples": 17059,
      "positive_rate": 0.6922445629872794,
      "brier": 0.21124438595936007,
      "ece": 0.0012704440041041345,
      "calibrator": "isotonic"
    },
    "touch_up_15": {
      "samples": 17059,
      "positive_rate": 0.5860249721554605,
      "brier": 0.23704876065025188,
      "ece": 0.0028722264990749184,
      "calibrator": "isotonic"
    },
    "touch_down_15": {
      "samples": 17059,
      "positive_rate": 0.5346737792367665,
      "brier": 0.24440819171339495,
      "ece": 0.002210696308132626,
      "calibrator": "isotonic"
    },
    "touch_up_20": {
      "samples": 17059,
      "positive_rate": 0.5125153877718507,
      "brier": 0.24400862028590786,
      "ece": 0.0018906460278876264,
      "calibrator": "isotonic"
    },
    "touch_down_20": {
      "samples": 17059,
      "positive_rate": 0.38302362389354594,
      "brier": 0.22681888759479377,
      "ece": 0.0025991544047433424,
      "calibrator": "isotonic"
    },
    "touch_up_25": {
      "samples": 17059,
      "positive_rate": 0.4513160208687496,
      "brier": 0.24150785485580137,
      "ece": 0.01429425907543773,
      "calibrator": "isotonic"
    },
    "touch_down_25": {
      "samples": 17059,
      "positive_rate": 0.2482560525235946,
      "brier": 0.17655779342355063,
      "ece": 0.0015315623414970676,
      "calibrator": "isotonic"
    },
    "touch_up_30": {
      "samples": 17059,
      "positive_rate": 0.39756140453719446,
      "brier": 0.23426969070271778,
      "ece": 0.007895957579971967,
      "calibrator": "isotonic"
    },
    "touch_down_30": {
      "samples": 17059,
      "positive_rate": 0.1539363385896008,
      "brier": 0.11999708526270968,
      "ece": 0.0008082230503539087,
      "calibrator": "isotonic"
    }
  }
}